keyword,wilayah,category
Paytren Bangkalan,Bangkalan,paytren
Agen Paytren Bangkalan,Bangkalan,paytren
Loket Paytren Bangkalan,Bangkalan,paytren
Loket Pembayaran Paytren Bangkalan,Bangkalan,paytren
Agen resmi Paytren Bangkalan,Bangkalan,paytren
Agency Paytren Bangkalan,Bangkalan,paytren
Paytren banyuwangi,banyuwangi,paytren
Agen Paytren banyuwangi,banyuwangi,paytren
Loket Paytren banyuwangi,banyuwangi,paytren
Loket Pembayaran Paytren banyuwangi,banyuwangi,paytren
Agen resmi Paytren banyuwangi,banyuwangi,paytren
Agency Paytren banyuwangi,banyuwangi,paytren
Paytren Batu,Batu,paytren
Agen Paytren Batu,Batu,paytren
Loket Paytren Batu,Batu,paytren
Loket Pembayaran Paytren Batu,Batu,paytren
Agen resmi Paytren Batu,Batu,paytren
Agency Paytren Batu,Batu,paytren
Paytren blitar,blitar,paytren
Agen Paytren blitar,blitar,paytren
Loket Paytren blitar,blitar,paytren
Loket Pembayaran Paytren blitar,blitar,paytren
Agen resmi Paytren blitar,blitar,paytren
Agency Paytren blitar,blitar,paytren
Paytren bojonegoro,bojonegoro,paytren
Agen Paytren bojonegoro,bojonegoro,paytren
Loket Paytren bojonegoro,bojonegoro,paytren
Loket Pembayaran Paytren bojonegoro,bojonegoro,paytren
Agen resmi Paytren bojonegoro,bojonegoro,paytren
Agency Paytren bojonegoro,bojonegoro,paytren
Paytren bondowoso,bondowoso,paytren
Agen Paytren bondowoso,bondowoso,paytren
Loket Paytren bondowoso,bondowoso,paytren
Loket Pembayaran Paytren bondowoso,bondowoso,paytren
Agen resmi Paytren bondowoso,bondowoso,paytren
Agency Paytren bondowoso,bondowoso,paytren
Paytren gersik,gersik,paytren
Agen Paytren gersik,gersik,paytren
Loket Paytren gersik,gersik,paytren
Loket Pembayaran Paytren gersik,gersik,paytren
Agen resmi Paytren gersik,gersik,paytren
Agency Paytren gersik,gersik,paytren
Paytren jember,jember,paytren
Agen Paytren jember,jember,paytren
Loket Paytren jember,jember,paytren
Loket Pembayaran Paytren jember,jember,paytren
Agen resmi Paytren jember,jember,paytren
Agency Paytren jember,jember,paytren
Paytren jombang,jombang,paytren
Agen Paytren jombang,jombang,paytren
Loket Paytren jombang,jombang,paytren
Loket Pembayaran Paytren jombang,jombang,paytren
Agen resmi Paytren jombang,jombang,paytren
Agency Paytren jombang,jombang,paytren
Paytren kediri,kediri,paytren
Agen Paytren kediri,kediri,paytren
Loket Paytren kediri,kediri,paytren
Loket Pembayaran Paytren kediri,kediri,paytren
Agen resmi Paytren kediri,kediri,paytren
Agency Paytren kediri,kediri,paytren
Paytren lamongan,lamongan,paytren
Agen Paytren lamongan,lamongan,paytren
Loket Paytren lamongan,lamongan,paytren
Loket Pembayaran Paytren lamongan,lamongan,paytren
Agen resmi Paytren lamongan,lamongan,paytren
Agency Paytren lamongan,lamongan,paytren
Paytren Lumajang,Lumajang,paytren
Agen Paytren Lumajang,Lumajang,paytren
Loket Paytren Lumajang,Lumajang,paytren
Loket Pembayaran Paytren Lumajang,Lumajang,paytren
Agen resmi Paytren Lumajang,Lumajang,paytren
Agency Paytren Lumajang,Lumajang,paytren
Paytren Madiun,Madiun,paytren
Agen Paytren Madiun,Madiun,paytren
Loket Paytren Madiun,Madiun,paytren
Loket Pembayaran Paytren Madiun,Madiun,paytren
Agen resmi Paytren Madiun,Madiun,paytren
Agency Paytren Madiun,Madiun,paytren
Paytren Magetan,Magetan,paytren
Agen Paytren Magetan,Magetan,paytren
Loket Paytren Magetan,Magetan,paytren
Loket Pembayaran Paytren Magetan,Magetan,paytren
Agen resmi Paytren Magetan,Magetan,paytren
Agency Paytren Magetan,Magetan,paytren
Paytren Malang,Malang,paytren
Agen Paytren Malang,Malang,paytren
Loket Paytren Malang,Malang,paytren
Loket Pembayaran Paytren Malang,Malang,paytren
Agen resmi Paytren Malang,Malang,paytren
Agency Paytren Malang,Malang,paytren
Paytren Mojokerto,Mojokerto,paytren
Agen Paytren Mojokerto,Mojokerto,paytren
Loket Paytren Mojokerto,Mojokerto,paytren
Loket Pembayaran Paytren Mojokerto,Mojokerto,paytren
Agen resmi Paytren Mojokerto,Mojokerto,paytren
Agency Paytren Mojokerto,Mojokerto,paytren
Paytren Nganjuk,Nganjuk,paytren
Agen Paytren Nganjuk,Nganjuk,paytren
Loket Paytren Nganjuk,Nganjuk,paytren
Loket Pembayaran Paytren Nganjuk,Nganjuk,paytren
Agen resmi Paytren Nganjuk,Nganjuk,paytren
Agency Paytren Nganjuk,Nganjuk,paytren
Paytren Ngawi,Ngawi,paytren
Agen Paytren Ngawi,Ngawi,paytren
Loket Paytren Ngawi,Ngawi,paytren
Loket Pembayaran Paytren Ngawi,Ngawi,paytren
Agen resmi Paytren Ngawi,Ngawi,paytren
Agency Paytren Ngawi,Ngawi,paytren
Paytren Pacitan,Pacitan,paytren
Agen Paytren Pacitan,Pacitan,paytren
Loket Paytren Pacitan,Pacitan,paytren
Loket Pembayaran Paytren Pacitan,Pacitan,paytren
Agen resmi Paytren Pacitan,Pacitan,paytren
Agency Paytren Pacitan,Pacitan,paytren
Paytren Pamekasan,Pamekasan,paytren
Agen Paytren Pamekasan,Pamekasan,paytren
Loket Paytren Pamekasan,Pamekasan,paytren
Loket Pembayaran Paytren Pamekasan,Pamekasan,paytren
Agen resmi Paytren Pamekasan,Pamekasan,paytren
Agency Paytren Pamekasan,Pamekasan,paytren
Paytren Pasuruan,Pasuruan,paytren
Agen Paytren Pasuruan,Pasuruan,paytren
Loket Paytren Pasuruan,Pasuruan,paytren
Loket Pembayaran Paytren Pasuruan,Pasuruan,paytren
Agen resmi Paytren Pasuruan,Pasuruan,paytren
Agency Paytren Pasuruan,Pasuruan,paytren
Paytren Ponorogo,Ponorogo,paytren
Agen Paytren Ponorogo,Ponorogo,paytren
Loket Paytren Ponorogo,Ponorogo,paytren
Loket Pembayaran Paytren Ponorogo,Ponorogo,paytren
Agen resmi Paytren Ponorogo,Ponorogo,paytren
Agency Paytren Ponorogo,Ponorogo,paytren
Paytren Probolinggo,Probolinggo,paytren
Agen Paytren Probolinggo,Probolinggo,paytren
Loket Paytren Probolinggo,Probolinggo,paytren
Loket Pembayaran Paytren Probolinggo,Probolinggo,paytren
Agen resmi Paytren Probolinggo,Probolinggo,paytren
Agency Paytren Probolinggo,Probolinggo,paytren
Paytren Sampang,Sampang,paytren
Agen Paytren Sampang,Sampang,paytren
Loket Paytren Sampang,Sampang,paytren
Loket Pembayaran Paytren Sampang,Sampang,paytren
Agen resmi Paytren Sampang,Sampang,paytren
Agency Paytren Sampang,Sampang,paytren
Paytren Sidoarjo,Sidoarjo,paytren
Agen Paytren Sidoarjo,Sidoarjo,paytren
Loket Paytren Sidoarjo,Sidoarjo,paytren
Loket Pembayaran Paytren Sidoarjo,Sidoarjo,paytren
Agen resmi Paytren Sidoarjo,Sidoarjo,paytren
Agency Paytren Sidoarjo,Sidoarjo,paytren
Paytren situbondo,situbondo,paytren
Agen Paytren situbondo,situbondo,paytren
Loket Paytren situbondo,situbondo,paytren
Loket Pembayaran Paytren situbondo,situbondo,paytren
Agen resmi Paytren situbondo,situbondo,paytren
Agency Paytren situbondo,situbondo,paytren
Paytren sumenep,sumenep,paytren
Agen Paytren sumenep,sumenep,paytren
Loket Paytren sumenep,sumenep,paytren
Loket Pembayaran Paytren sumenep,sumenep,paytren
Agen resmi Paytren sumenep,sumenep,paytren
Agency Paytren sumenep,sumenep,paytren
Paytren Surabaya,Surabaya,paytren
Agen Paytren Surabaya,Surabaya,paytren
Loket Paytren Surabaya,Surabaya,paytren
Loket Pembayaran Paytren Surabaya,Surabaya,paytren
Agen resmi Paytren Surabaya,Surabaya,paytren
Agency Paytren Surabaya,Surabaya,paytren
Paytren Trenggalek,Trenggalek,paytren
Agen Paytren Trenggalek,Trenggalek,paytren
Loket Paytren Trenggalek,Trenggalek,paytren
Loket Pembayaran Paytren Trenggalek,Trenggalek,paytren
Agen resmi Paytren Trenggalek,Trenggalek,paytren
Agency Paytren Trenggalek,Trenggalek,paytren
Paytren Tuban,Tuban,paytren
Agen Paytren Tuban,Tuban,paytren
Loket Paytren Tuban,Tuban,paytren
Loket Pembayaran Paytren Tuban,Tuban,paytren
Agen resmi Paytren Tuban,Tuban,paytren
Agency Paytren Tuban,Tuban,paytren
Paytren Tuluangagung,Tuluangagung,paytren
Agen Paytren Tuluangagung,Tuluangagung,paytren
Loket Paytren Tuluangagung,Tuluangagung,paytren
Loket Pembayaran Paytren Tuluangagung,Tuluangagung,paytren
Agen resmi Paytren Tuluangagung,Tuluangagung,paytren
Agency Paytren Tuluangagung,Tuluangagung,paytren